{
  "warrior": {
    "name": "Warrior",
    "description": "A master of brute force.",
    "primary_stat": "strength",
    "growth_weights": {"strength": 2.0, "constitution": 1.5, "dexterity": 0.5},
    "default_keystone": "RESOLUTE_TECHNIQUE"
  },
  "rogue": {
    "name": "Rogue",
    "description": "A lethal shadow dealing critical strikes.",
    "primary_stat": "dexterity",
    "growth_weights": {"dexterity": 2.0, "strength": 1.0, "constitution": 0.8},
    "default_keystone": "DEADLY_ARTS"
  },
  "guardian": {
    "name": "Guardian",
    "description": "An unbreakable wall.",
    "primary_stat": "constitution",
    "growth_weights": {"constitution": 2.5, "strength": 1.0, "dexterity": 0.5},
    "default_keystone": "IRON_FORTRESS"
  }
}