{
  "rusty_greatsword": {
    "name": "낡은 대검",
    "type": "weapon",
    "slot": "main_hand",
    "bonus_stats": {
      "strength": 5,
      "dexterity": 2
    },
    "description": "날이 많이 상했지만, 여전히 묵직한 철덩어리입니다.",
    "price": 50
  },
  "leather_armor": {
    "name": "여행자의 가죽 갑옷",
    "type": "armor",
    "slot": "body",
    "bonus_stats": {
      "constitution": 5,
      "dexterity": 3
    },
    "description": "활동하기 편한 가죽 갑옷입니다. 먼지 냄새가 납니다.",
    "price": 80
  },
  "ring_of_vitality": {
    "name": "활력의 반지",
    "type": "accessory",
    "slot": "ring",
    "bonus_stats": {
      "constitution": 10
    },
    "description": "미약한 생명력이 느껴지는 반지입니다.",
    "price": 150
  }
}